id,red1,red2,red3,red4,red5,red6,blue
2023049,5,7,14,23,25,27,2
2023048,2,3,10,24,28,30,8
2023047,5,7,14,23,31,33,7
2023046,6,8,17,25,26,28,3
2023045,3,6,12,21,27,28,4
2023044,2,8,15,22,24,26,16
2023043,5,8,12,20,24,28,10
2023042,10,17,20,23,27,30,10
2023041,1,6,12,13,15,24,6
2023040,9,16,17,24,29,31,8
2023039,2,3,9,13,19,28,9
2023038,2,9,14,17,31,33,8
2023037,8,23,25,26,29,31,12
2023036,13,14,18,19,24,30,9
2023035,1,4,9,10,20,33,6
2023034,2,3,9,11,12,17,15
2023033,8,9,13,23,24,26,5
2023032,6,19,20,26,28,33,1
2023031,7,14,27,29,31,33,5
2023030,2,3,7,16,30,31,6
2023029,3,7,12,24,28,33,8
2023028,5,7,10,17,20,22,14
2023027,8,10,22,27,32,33,8
2023026,1,18,26,30,31,33,3
2023025,4,16,20,21,31,32,14
2023024,3,6,9,17,27,28,3
2023023,5,8,10,15,24,25,9
2023022,10,11,18,19,23,31,3
2023021,2,5,6,19,21,27,4
2023020,1,12,17,18,26,27,5
2023019,6,12,26,28,29,32,15
2023018,10,12,17,19,25,31,13
2023017,5,11,18,20,26,28,12
2023016,14,16,19,23,28,30,3
2023015,2,3,14,21,29,32,8
2023014,6,7,18,23,27,30,5
2023013,6,10,14,22,23,33,13
2023012,3,4,7,22,26,30,6
2023011,6,7,16,17,21,22,4
2023010,4,5,13,18,27,29,12
2023009,3,4,19,23,30,32,6
2023008,5,13,18,20,26,28,6
2023007,5,6,9,22,25,31,3
2023006,2,10,12,14,24,26,5
2023005,2,6,8,13,14,19,16
2023004,1,7,15,16,20,25,16
2023003,5,8,18,25,30,32,6
2023002,2,6,10,16,18,22,13
2023001,9,16,18,22,28,32,2
2022150,1,7,11,12,22,28,5
2022149,2,22,26,29,32,33,14
2022148,2,15,16,17,21,31,14
2022147,2,3,7,13,20,30,10
2022146,6,7,13,18,26,31,6
2022145,3,21,25,30,31,33,11
2022144,7,20,22,23,31,32,5
2022143,7,8,13,29,30,33,3
2022142,1,3,13,16,21,27,3
2022141,5,12,13,17,20,27,14
2022140,8,9,18,19,20,27,15
2022139,6,7,9,16,17,19,14
2022138,2,14,19,21,25,28,11
2022137,8,21,23,27,28,33,1
2022136,8,10,14,15,18,22,8
2022135,9,11,13,24,28,32,6
2022134,1,5,14,17,24,31,14
2022133,5,8,16,17,21,25,12
2022132,1,3,18,26,32,33,4
2022131,3,5,10,13,19,29,6
2022130,2,8,15,17,26,28,12
2022129,10,12,14,22,24,27,7
2022128,3,12,18,24,27,29,1
2022127,3,4,9,10,29,33,13
2022126,1,13,15,17,26,33,13
2022125,2,3,7,12,20,31,16
2022124,5,10,13,18,24,26,1
2022123,10,13,16,20,21,25,5
2022122,6,8,17,19,24,28,5
2022121,12,17,22,27,30,31,2
2022120,2,15,19,26,27,29,2
2022119,2,5,15,18,26,27,4
2022118,2,6,7,11,14,33,8
2022117,4,13,17,18,28,29,6
2022116,8,14,26,27,30,33,1
2022115,6,7,18,20,27,29,9
2022114,1,5,15,19,26,29,13
2022113,13,14,20,24,27,29,2
2022112,3,5,8,17,25,31,1
2022111,2,10,11,13,28,31,1
2022110,9,13,15,18,20,28,15
2022109,4,11,13,19,22,33,11
2022108,1,7,13,17,18,31,15
2022107,3,9,11,15,19,28,16
2022106,17,20,22,23,24,31,1
2022105,6,12,13,15,21,23,15
2022104,1,8,19,25,26,31,1
2022103,6,9,12,14,20,28,10
2022102,9,10,12,18,29,32,14
2022101,4,16,18,19,27,28,4
2022100,2,6,7,15,20,21,15
2022099,1,11,23,24,26,32,15
2022098,2,3,4,6,21,33,5
2022097,4,5,10,13,30,31,14
2022096,3,16,17,19,25,33,7
2022095,4,13,14,18,20,28,8
2022094,6,11,13,16,19,31,2
2022093,21,22,24,28,29,32,14
2022092,7,10,16,20,21,27,11
2022091,8,18,20,22,24,28,10
2022090,1,4,25,27,29,30,7
2022089,2,7,15,29,31,33,15
2022088,3,9,15,17,20,22,6
2022087,5,6,9,13,23,25,8
2022086,1,4,8,21,23,24,11
2022085,7,9,14,31,32,33,13
2022084,3,18,23,24,25,32,9
2022083,8,12,13,14,19,20,5
2022082,4,10,11,23,30,32,14
2022081,4,8,11,21,27,30,1
2022080,5,12,15,17,18,27,4
2022079,1,9,15,17,22,23,16
2022078,1,4,5,15,17,31,9
2022077,3,17,18,19,20,27,16
2022076,8,9,10,13,24,29,2
2022075,1,2,4,25,26,30,10
2022074,5,7,15,19,29,33,15
2022073,6,10,14,15,26,29,12
2022072,5,14,15,16,18,32,12
2022071,4,7,15,18,29,33,1
2022070,4,6,9,27,28,33,2
2022069,6,7,13,19,26,29,8
2022068,7,12,15,24,26,29,6
2022067,1,5,13,21,26,29,15
2022066,6,11,14,20,27,30,9
2022065,9,14,18,23,28,31,2
2022064,4,6,12,13,17,31,16
2022063,6,8,9,17,22,31,11
2022062,16,18,20,21,23,33,5
2022061,1,3,16,18,29,33,6
2022060,16,18,19,24,28,32,1
2022059,6,9,18,19,29,33,6
2022058,6,13,14,23,31,33,1
2022057,12,15,20,26,30,33,16
2022056,1,6,11,14,17,26,15
2022055,2,4,9,26,28,33,3
2022054,8,12,21,27,28,33,11
2022053,10,14,18,23,27,33,15
2022052,7,24,27,29,31,32,15
2022051,2,5,11,17,21,33,1
2022050,3,5,8,14,27,33,8
2022049,2,4,7,18,25,26,10
2022048,5,7,17,20,26,31,14
2022047,3,7,8,14,27,30,9
2022046,2,11,24,25,27,30,14
2022045,3,12,17,18,19,28,4
2022044,1,7,8,21,23,29,6
2022043,2,17,20,23,25,27,8
2022042,5,10,11,21,22,30,13
2022041,5,7,21,22,24,29,14
2022040,3,12,14,16,31,33,12
2022039,2,6,7,10,15,20,5
2022038,9,12,13,16,24,32,4
2022037,1,10,13,20,22,32,14
2022036,2,3,14,16,26,31,2
2022035,8,12,13,19,23,25,15
2022034,14,17,26,31,32,33,10
2022033,5,12,19,22,25,26,5
2022032,4,10,11,14,23,32,7
2022031,1,10,11,22,26,32,7
2022030,12,23,24,26,27,30,5
2022029,3,8,10,13,26,32,8
2022028,5,11,20,22,23,29,9
2022027,14,15,18,19,26,32,9
2022026,3,4,10,15,22,24,2
2022025,6,19,24,25,28,32,4
2022024,7,9,10,14,19,24,15
2022023,7,12,17,19,24,25,2
2022022,1,7,11,15,17,19,6
2022021,3,7,22,24,26,31,14
2022020,9,11,14,22,30,32,1
2022019,5,6,14,20,21,25,8
2022018,7,11,16,17,30,32,16
2022017,6,9,24,29,30,32,7
2022016,5,10,19,20,29,31,14
2022015,6,14,16,27,28,31,7
2022014,6,7,13,14,15,27,4
2022013,2,3,4,7,10,18,15
2022012,4,7,8,29,30,31,1
2022011,6,15,23,24,25,33,15
2022010,12,18,19,20,21,32,15
2022009,4,15,17,19,25,28,16
2022008,2,3,7,9,20,21,13
2022007,1,20,22,23,25,28,16
2022006,3,6,9,15,22,31,2
2022005,7,10,12,16,19,31,16
2022004,5,19,24,28,30,32,14
2022003,2,5,16,17,18,30,6
2022002,2,12,21,23,25,31,8
2022001,6,13,15,17,20,21,3
2021150,9,14,20,21,24,26,4
2021149,5,10,15,18,19,32,5
2021148,10,12,15,17,19,20,8
2021147,5,10,11,13,27,28,9
2021146,7,9,21,22,26,32,3
2021145,4,7,10,14,16,26,9
2021144,2,5,13,15,23,26,7
2021143,1,9,11,13,20,29,9
2021142,4,7,17,19,20,24,16
2021141,1,14,19,23,26,30,10
2021140,5,10,16,26,27,33,1
2021139,12,14,19,23,24,27,1
2021138,11,14,15,16,27,32,9
2021137,3,7,10,14,21,24,1
2021136,2,6,9,15,19,28,16
2021135,3,10,17,19,21,31,4
2021134,1,2,16,19,25,31,8
2021133,1,3,12,19,27,31,10
2021132,1,4,6,14,20,28,8
2021131,8,11,18,19,20,24,1
2021130,8,9,15,24,26,30,6
2021129,4,15,21,27,28,29,10
2021128,5,17,20,21,23,33,4
2021127,7,15,16,20,27,29,7
2021126,19,20,23,27,28,31,1
2021125,14,19,20,23,24,31,9
2021124,1,3,18,22,29,32,2
2021123,6,14,15,19,29,31,5
2021122,4,5,12,15,18,28,7
2021121,4,5,12,16,22,30,15
2021120,1,7,8,12,13,18,5
2021119,3,9,10,11,28,29,13
2021118,2,6,14,18,20,31,13
2021117,3,5,17,21,27,33,4
2021116,6,14,17,18,31,33,6
2021115,2,10,12,15,24,27,8
2021114,4,6,8,14,24,27,2
2021113,4,7,10,22,27,30,2
2021112,5,6,21,25,28,33,7
2021111,17,20,22,23,26,28,6
2021110,10,13,15,24,31,32,2
2021109,2,3,10,17,20,26,16
2021108,11,15,18,24,26,32,9
2021107,2,3,17,19,25,30,1
2021106,1,4,7,14,30,31,3
2021105,10,14,15,22,27,32,9
2021104,1,7,17,20,22,28,15
2021103,10,13,15,25,29,30,15
2021102,5,9,15,24,27,30,9
2021101,2,4,12,22,29,31,1
2021100,7,9,12,13,14,29,16
2021099,9,11,17,18,20,27,15
2021098,1,10,13,18,26,32,5
2021097,3,11,12,13,25,28,12
2021096,1,7,11,14,15,26,11
2021095,8,12,17,24,27,28,13
2021094,9,11,24,25,28,33,15
2021093,5,11,15,23,28,33,3
2021092,2,7,8,10,12,31,3
2021091,4,6,16,24,26,33,16
2021090,5,6,12,14,27,28,8
2021089,1,2,7,13,23,24,12
2021088,4,12,15,16,19,26,6
2021087,2,13,16,19,23,24,4
2021086,6,8,10,14,28,29,1
2021085,5,6,7,11,14,20,2
2021084,5,7,9,11,21,28,1
2021083,4,9,11,25,28,33,4
2021082,3,6,11,13,26,32,5
2021081,1,3,5,18,22,23,1
2021080,5,8,22,23,24,29,9
2021079,1,3,10,24,28,29,13
2021078,4,6,15,26,27,31,12
2021077,8,15,17,25,27,30,10
2021076,3,9,21,23,30,32,6
2021075,12,15,16,21,22,29,1
2021074,4,5,9,14,25,27,7
2021073,1,6,18,22,24,25,8
2021072,1,9,15,16,19,21,15
2021071,1,7,24,31,32,33,8
2021070,1,5,11,15,16,29,15
2021069,6,11,18,20,23,26,5
2021068,4,14,18,24,31,32,15
2021067,1,11,19,23,25,29,9
2021066,2,6,19,26,30,33,15
2021065,1,4,8,19,29,33,16
2021064,4,6,8,15,16,18,16
2021063,4,5,6,9,23,24,9
2021062,12,13,15,20,22,25,10
2021061,4,9,12,18,20,23,1
2021060,10,11,17,20,29,30,15
2021059,1,9,11,18,32,33,14
2021058,9,11,13,18,19,28,14
2021057,5,6,9,17,25,33,16
2021056,8,21,22,23,29,32,1
2021055,3,11,12,16,22,28,10
2021054,7,13,21,22,24,31,2
2021053,7,10,14,16,24,33,16
2021052,3,4,6,19,21,30,14
2021051,8,9,10,19,27,29,15
2021050,2,9,10,16,25,28,8
2021049,4,11,13,22,25,32,1
2021048,4,15,17,22,29,32,3
2021047,3,7,13,16,24,29,1
2021046,5,9,13,21,28,33,6
2021045,1,4,14,15,17,32,2
2021044,5,7,14,17,26,28,13
2021043,2,3,17,18,23,24,1
2021042,5,9,10,22,25,27,8
2021041,2,9,18,23,26,32,14
2021040,2,6,7,24,28,29,16
2021039,2,8,21,24,29,31,13
2021038,5,7,9,16,18,27,6
2021037,13,17,19,24,26,30,12
2021036,1,2,6,11,21,26,11
2021035,12,14,18,20,26,28,11
2021034,4,10,12,18,23,25,1
2021033,2,12,13,14,31,33,6
2021032,1,5,8,15,16,30,3
2021031,6,11,21,25,28,31,7
2021030,8,9,13,27,29,31,5
2021029,8,10,15,17,22,30,12
2021028,11,16,23,26,27,33,5
2021027,5,7,9,16,20,26,8
2021026,3,5,13,19,20,25,3
2021025,6,8,14,17,18,30,11
2021024,1,4,6,10,11,18,2
2021023,2,21,22,23,27,28,11
2021022,10,15,17,25,31,32,6
2021021,4,8,17,24,28,33,13
2021020,1,3,6,7,9,11,2
2021019,12,16,17,24,28,29,8
2021018,2,8,14,23,25,32,6
2021017,9,15,18,29,32,33,2
2021016,3,8,9,13,15,18,10
2021015,6,14,16,26,28,29,7
2021014,4,15,21,25,29,33,6
2021013,6,9,12,16,27,31,6
2021012,3,6,14,18,20,26,1
2021011,5,10,16,23,27,33,14
2021010,1,4,11,19,32,33,5
2021009,2,4,7,24,25,32,13
2021008,1,5,7,14,18,33,7
2021007,2,4,12,21,25,32,16
2021006,6,8,22,24,25,26,1
2021005,7,9,14,26,30,31,4
2021004,2,3,7,8,17,22,15
2021003,6,9,16,18,22,29,11
2021002,6,10,13,25,26,32,11
2021001,2,3,13,18,20,31,11
2020134,2,9,10,20,22,26,1
2020133,3,19,22,23,27,29,7
2020132,1,4,11,12,14,23,4
2020131,8,19,22,26,27,30,7
2020130,8,9,11,14,17,29,16
2020129,1,2,5,15,28,33,4
2020128,8,10,15,16,23,26,10
2020127,1,4,18,19,26,31,7
2020126,3,7,12,14,23,28,11
2020125,5,12,16,26,30,31,13
2020124,16,18,19,20,29,33,12
2020123,1,3,18,19,26,29,3
2020122,12,15,17,24,26,31,15
2020121,2,4,6,21,25,29,3
2020120,1,2,3,4,9,10,12
2020119,1,9,22,28,32,33,15
2020118,11,13,19,26,30,33,5
2020117,7,8,9,10,16,27,7
2020116,5,6,14,16,19,27,10
2020115,1,4,12,20,25,32,2
2020114,1,5,11,24,30,32,3
2020113,1,3,7,10,22,32,11
2020112,2,9,12,17,28,32,5
2020111,6,9,17,22,24,26,16
2020110,2,6,9,14,22,25,4
2020109,6,13,16,20,23,32,13
2020108,10,12,15,17,23,32,5
2020107,3,9,11,24,25,28,16
2020106,2,4,11,15,18,28,10
2020105,6,14,19,20,22,24,1
2020104,4,8,10,16,27,29,9
2020103,4,9,10,22,28,32,8
2020102,9,10,19,25,26,29,8
2020101,10,17,24,25,28,30,15
2020100,1,7,15,16,20,23,7
2020099,5,6,11,12,15,30,12
2020098,6,8,11,22,25,33,2
2020097,2,8,21,25,26,30,10
2020096,1,20,23,26,27,32,15
2020095,3,9,16,17,20,26,2
2020094,10,15,17,27,29,31,8
2020093,4,5,10,13,15,19,15
2020092,1,6,12,18,22,24,3
2020091,1,9,11,12,16,19,16
2020090,2,21,23,26,31,32,6
2020089,2,14,16,21,29,30,10
2020088,1,6,12,26,29,30,12
2020087,11,15,20,23,25,33,10
2020086,2,4,6,15,24,27,6
2020085,1,2,5,9,19,24,16
2020084,3,7,16,17,23,30,7
2020083,1,19,25,26,30,31,12
2020082,2,8,11,17,21,30,9
2020081,1,5,13,14,27,33,15
2020080,14,15,18,22,31,33,1
2020079,5,12,20,21,22,29,14
2020078,3,11,14,16,21,32,4
2020077,3,10,16,21,25,27,12
2020076,10,15,16,18,20,27,6
2020075,3,11,13,20,24,30,16
2020074,4,8,9,13,19,33,12
2020073,5,7,11,13,27,29,3
2020072,6,8,10,15,17,26,4
2020071,9,11,12,13,22,23,8
2020070,1,2,4,6,19,21,15
2020069,3,9,10,13,18,26,4
2020068,12,16,21,26,27,32,10
2020067,4,7,9,23,27,30,8
2020066,2,9,13,17,26,28,7
2020065,9,15,18,21,23,26,8
2020064,1,3,7,21,27,32,1
2020063,12,15,16,22,29,32,14
2020062,10,14,17,22,26,27,5
2020061,8,17,24,26,27,31,4
2020060,5,9,14,20,24,30,8
2020059,2,4,10,17,22,25,14
2020058,1,3,11,12,19,26,7
2020057,9,14,21,23,26,32,3
2020056,2,5,8,12,26,31,14
2020055,1,5,7,23,28,30,12
2020054,3,10,19,25,26,31,2
2020053,2,14,15,16,32,33,1
2020052,2,8,13,29,32,33,15
2020051,3,6,8,11,19,28,8
2020050,4,9,17,20,32,33,15
2020049,1,7,9,12,18,22,4
2020048,12,14,18,23,30,32,2
2020047,4,10,17,19,28,32,1
2020046,13,19,25,26,27,32,8
2020045,2,3,15,21,22,33,16
2020044,7,8,16,17,19,24,7
2020043,1,11,24,25,27,30,7
2020042,2,6,7,11,14,31,3
2020041,6,7,16,22,24,25,13
2020040,1,6,12,16,19,21,4
2020039,2,9,10,11,16,29,2
2020038,1,6,7,18,23,24,15
2020037,1,4,11,13,17,24,15
2020036,7,9,16,22,24,32,6
2020035,10,14,24,25,28,33,11
2020034,2,8,15,16,26,32,3
2020033,7,10,12,21,31,32,1
2020032,3,11,13,14,15,26,13
2020031,2,5,9,15,16,27,9
2020030,17,18,21,29,30,32,3
2020029,1,12,18,20,30,32,5
2020028,5,6,15,18,26,32,8
2020027,12,13,14,24,25,28,6
2020026,1,4,9,18,19,31,6
2020025,1,9,10,15,20,29,2
2020024,10,13,27,28,29,31,8
2020023,4,5,20,21,30,33,8
2020022,2,10,20,22,25,30,2
2020021,2,6,14,16,27,31,7
2020020,1,6,9,13,15,22,14
2020019,15,19,27,28,30,33,3
2020018,5,7,8,11,17,22,13
2020017,2,4,7,15,20,27,4
2020016,5,6,8,17,24,27,7
2020015,8,9,22,24,30,33,1
2020014,2,7,8,10,12,16,7
2020013,2,8,10,20,21,30,14
2020012,4,13,14,23,26,31,9
2020011,4,5,7,17,18,29,1
2020010,11,14,22,27,31,32,9
2020009,3,6,8,14,19,26,12
2020008,1,4,6,10,11,28,16
2020007,5,12,17,20,25,31,10
2020006,3,4,5,10,16,32,9
2020005,11,16,17,22,26,32,4
2020004,2,15,17,27,32,33,3
2020003,9,17,26,29,30,32,3
2020002,4,9,14,15,16,29,11
2020001,2,15,23,26,29,30,2
2019151,2,6,9,18,24,26,14
2019150,2,9,14,22,27,29,2
2019149,1,6,27,28,31,33,7
2019148,9,10,13,20,26,27,8
2019147,1,9,12,14,23,27,12
2019146,1,4,10,12,30,32,14
2019145,1,8,13,17,18,19,16
2019144,2,12,15,19,27,30,3
2019143,5,13,15,16,26,32,9
2019142,8,14,24,27,29,33,9
2019141,10,13,14,15,17,33,14
2019140,2,4,9,11,14,22,5
2019139,8,14,20,23,30,33,11
2019138,2,6,12,30,31,32,11
2019137,7,10,13,19,23,31,6
2019136,12,14,15,17,29,33,12
2019135,3,6,10,11,27,33,3
2019134,1,4,6,22,29,30,3
2019133,3,7,16,21,24,31,7
2019132,4,6,11,14,19,33,7
2019131,9,17,19,20,24,31,4
2019130,1,7,9,11,24,32,16
2019129,3,4,7,9,15,26,7
2019128,3,8,12,16,17,19,8
2019127,2,6,7,12,17,24,10
2019126,2,14,17,29,32,33,16
2019125,2,11,12,26,27,29,3
2019124,4,9,30,31,32,33,1
2019123,2,6,8,17,28,30,6
2019122,4,10,15,19,21,23,2
2019121,2,6,15,21,30,31,2
2019120,10,12,27,31,32,33,3
2019119,4,20,22,24,26,33,7
2019118,12,14,15,25,28,31,4
2019117,3,5,11,28,32,33,1
2019116,1,8,9,13,16,33,1
2019115,4,10,11,14,15,29,5
2019114,2,4,9,11,12,30,1
2019113,1,5,19,21,25,33,15
2019112,3,12,14,17,23,27,1
2019111,7,18,20,22,24,33,1
2019110,1,18,22,26,27,28,8
2019109,3,6,7,17,28,31,10
2019108,7,13,19,22,25,32,13
2019107,2,6,8,23,27,32,2
2019106,2,14,22,27,30,33,14
2019105,2,13,15,17,26,33,1
2019104,1,5,16,17,18,24,10
2019103,4,12,14,21,27,29,12
2019102,3,8,12,16,20,32,12
2019101,1,4,9,21,31,33,5
2019100,1,4,12,13,30,32,8
2019099,7,14,22,23,27,30,8
2019098,3,11,12,14,17,26,9
2019097,3,5,18,24,25,31,9
2019096,5,7,12,18,27,32,11
2019095,2,5,14,19,21,28,1
2019094,5,10,12,18,19,27,6
2019093,5,7,8,9,20,22,2
2019092,9,17,27,28,32,33,8
2019091,7,10,21,24,29,32,11
2019090,2,3,6,8,14,22,4
2019089,2,4,14,16,20,22,11
2019088,13,14,15,21,23,29,13
2019087,4,5,7,9,21,30,4
2019086,16,22,24,26,28,31,6
2019085,1,4,14,18,24,29,4
2019084,4,8,14,18,20,27,3
2019083,6,15,17,26,28,31,3
2019082,7,16,19,22,24,28,2
2019081,5,24,27,29,31,32,10
2019080,3,6,8,20,24,32,7
2019079,1,3,6,9,19,31,16
2019078,1,17,27,29,31,33,12
2019077,9,11,13,18,21,22,15
2019076,12,15,19,20,29,32,14
2019075,5,8,20,22,31,33,3
2019074,12,21,27,29,31,33,4
2019073,1,2,6,12,16,18,8
2019072,2,9,13,15,22,30,15
2019071,1,8,19,24,29,30,4
2019070,6,15,18,19,24,32,9
2019069,6,11,16,19,21,25,1
2019068,3,14,20,24,26,33,10
2019067,4,6,8,11,30,33,11
2019066,1,14,17,20,22,32,4
2019065,6,9,11,15,20,26,10
2019064,12,20,24,25,30,33,12
2019063,1,14,19,22,29,31,16
2019062,7,13,16,23,26,30,1
2019061,3,17,19,24,27,31,12
2019060,3,4,14,20,23,27,1
2019059,4,5,7,9,16,18,6
2019058,7,8,12,21,23,27,12
2019057,4,5,6,8,13,18,16
2019056,13,14,17,19,21,29,1
2019055,1,6,11,15,19,31,10
2019054,7,10,11,15,24,26,11
2019053,4,16,22,25,29,31,8
2019052,3,6,9,13,16,19,16
2019051,8,9,10,13,15,28,9
2019050,4,6,10,11,21,23,2
2019049,3,10,13,22,23,28,15
2019048,3,7,10,12,18,29,10
2019047,3,11,18,25,30,33,14
2019046,2,12,16,22,25,32,6
2019045,1,6,17,19,27,31,14
2019044,6,14,16,17,23,29,7
2019043,1,6,12,13,24,32,13
2019042,15,17,19,22,25,26,4
2019041,2,9,13,23,24,26,16
2019040,5,6,9,18,23,31,11
2019039,6,7,11,14,27,32,8
2019038,9,12,21,27,29,30,5
2019037,1,7,12,14,18,25,10
2019036,2,10,13,16,23,32,8
2019035,1,5,7,9,10,20,16
2019034,9,11,15,22,24,26,3
2019033,9,15,19,21,23,29,15
2019032,4,8,9,13,28,33,4
2019031,3,13,15,18,21,33,16
2019030,4,5,7,10,12,22,16
2019029,8,11,17,23,32,33,10
2019028,4,19,22,26,29,30,11
2019027,2,6,8,10,11,17,13
2019026,3,13,15,19,20,27,14
2019025,15,16,21,27,30,33,4
2019024,1,8,23,25,28,29,10
2019023,1,10,14,15,18,31,13
2019022,3,7,11,21,30,33,7
2019021,2,5,7,8,20,27,4
2019020,2,12,13,23,27,28,12
2019019,3,11,17,18,24,25,6
2019018,4,11,18,19,26,32,4
2019017,4,5,24,28,30,33,9
2019016,5,7,9,11,19,25,5
2019015,11,15,16,20,24,31,4
2019014,1,2,3,14,19,33,3
2019013,5,7,14,16,18,21,1
2019012,7,10,21,23,31,33,14
2019011,10,13,19,21,24,30,7
2019010,2,4,5,8,11,30,2
2019009,1,7,10,22,31,32,15
2019008,2,6,9,13,28,32,12
2019007,6,10,14,15,19,23,15
2019006,1,5,10,19,26,28,12
2019005,21,22,26,28,31,32,7
2019004,8,12,16,19,26,32,3
2019003,13,17,20,21,22,27,1
2019002,4,5,6,8,9,18,11
2019001,6,10,13,15,32,33,15
2018153,1,7,17,23,25,31,11
2018152,4,14,16,23,28,29,3
2018151,5,15,19,25,26,29,15
2018150,6,8,15,19,20,31,5
2018149,1,7,8,10,12,24,1
2018148,3,6,18,19,21,31,1
2018147,3,15,17,23,27,30,11
2018146,2,10,11,17,18,29,16
2018145,3,9,13,22,23,25,6
2018144,8,13,17,18,20,27,13
2018143,4,6,15,28,32,33,14
2018142,5,8,10,11,27,28,11
2018141,11,14,16,18,24,33,4
2018140,1,15,20,22,25,28,14
2018139,11,18,20,23,31,32,15
2018138,1,10,25,27,30,32,9
2018137,3,5,11,15,20,23,9
2018136,10,12,15,25,26,27,14
2018135,1,3,6,10,11,29,16
2018134,3,16,18,31,32,33,12
2018133,2,4,11,12,18,32,13
2018132,1,2,9,10,15,22,6
2018131,21,22,24,31,32,33,1
2018130,5,12,17,18,24,28,12
2018129,2,4,6,16,18,19,16
2018128,6,7,8,19,22,23,2
2018127,2,5,6,7,11,15,12
2018126,1,6,8,9,14,22,5
2018125,3,10,11,14,15,32,2
2018124,9,13,14,19,22,25,2
2018123,13,21,24,27,31,32,1
2018122,5,7,20,22,30,32,10
2018121,6,8,14,19,23,25,11
2018120,3,4,18,26,27,33,1
2018119,3,13,14,16,25,27,12
2018118,8,12,21,22,27,31,9
2018117,8,11,15,17,23,25,5
2018116,5,14,17,22,23,28,15
2018115,1,13,19,24,26,29,11
2018114,1,7,15,16,20,27,14
2018113,1,6,9,16,25,26,9
2018112,5,8,18,25,26,31,4
2018111,1,7,14,24,25,28,8
2018110,11,13,16,21,22,23,2
2018109,10,11,18,23,31,33,15
2018108,5,13,18,21,26,30,2
2018107,1,2,5,12,20,22,1
2018106,4,18,19,24,25,26,10
2018105,4,5,13,18,19,25,1
2018104,2,3,6,19,25,29,1
2018103,2,9,15,22,23,24,16
2018102,2,6,11,19,21,28,5
2018101,1,3,14,26,29,33,9
2018100,2,11,14,15,29,33,2
2018099,3,7,8,14,25,32,6
2018098,6,10,11,20,29,32,13
2018097,1,2,17,20,25,28,13
2018096,1,5,9,20,28,32,12
2018095,10,11,12,21,26,33,9
2018094,4,7,16,20,24,30,5
2018093,4,18,20,21,29,33,7
2018092,6,10,16,19,24,33,16
2018091,6,11,13,17,25,32,7
2018090,1,2,4,10,14,23,7
2018089,6,9,12,14,18,27,14
2018088,3,5,12,29,30,32,14
2018087,1,5,10,16,18,31,3
2018086,2,7,17,21,23,26,16
2018085,4,10,25,26,30,33,6
2018084,5,6,8,12,22,24,3
2018083,4,9,18,21,32,33,3
2018082,6,12,14,20,22,24,9
2018081,1,2,12,16,20,26,3
2018080,4,7,13,20,29,33,3
2018079,14,15,17,22,24,29,13
2018078,3,10,14,17,18,30,12
2018077,2,5,9,15,20,24,10
2018076,3,7,8,15,29,30,13
2018075,7,9,12,13,22,24,11
2018074,9,11,14,20,27,30,9
2018073,2,9,14,15,16,23,10
2018072,11,16,19,22,25,30,8
2018071,2,5,6,13,16,19,3
2018070,4,9,15,16,19,27,10
2018069,6,13,17,19,23,31,12
2018068,8,10,17,20,27,30,1
2018067,1,4,9,12,15,18,5
2018066,9,16,17,19,22,26,10
2018065,1,4,6,14,28,33,1
2018064,2,5,10,11,17,21,5
2018063,5,6,10,16,20,25,12
2018062,2,18,19,24,25,33,11
2018061,9,10,11,12,18,23,7
2018060,4,8,13,25,30,31,10
2018059,4,6,8,13,22,32,11
2018058,7,12,13,16,26,31,7
2018057,5,15,17,19,20,30,13
2018056,1,3,6,20,21,26,1
2018055,7,9,10,12,22,26,7
2018054,4,6,18,22,25,33,16
2018053,1,4,10,11,14,27,6
2018052,3,5,6,9,15,32,14
2018051,5,7,20,23,27,31,4
2018050,1,2,4,10,18,19,7
2018049,1,3,4,11,19,23,2
2018048,1,12,20,25,30,31,2
2018047,6,7,12,16,22,25,7
2018046,10,13,14,18,20,31,3
2018045,3,4,6,25,26,30,1
2018044,5,9,12,17,27,30,6
2018043,1,4,6,8,21,24,7
2018042,6,10,21,28,29,31,12
2018041,7,8,20,23,24,32,13
2018040,1,3,8,13,18,23,16
2018039,8,12,18,19,23,32,3
2018038,15,23,24,25,28,29,9
2018037,1,6,7,8,27,30,10
2018036,8,17,24,26,28,33,4
2018035,7,10,11,17,23,28,15
2018034,1,5,11,22,23,26,15
2018033,4,19,20,22,28,33,6
2018032,21,22,23,24,25,32,6
2018031,2,16,18,19,27,30,14
2018030,13,14,20,21,25,33,7
2018029,1,2,9,14,22,25,5
2018028,3,8,11,14,18,23,16
2018027,2,7,9,14,18,28,5
2018026,4,7,12,14,26,32,4
2018025,4,13,16,19,21,25,14
2018024,11,19,22,26,31,32,2
2018023,12,15,16,21,26,29,16
2018022,7,14,19,21,22,23,3
2018021,3,4,6,11,23,28,14
2018020,6,9,10,14,28,30,5
2018019,3,11,12,16,21,23,9
2018018,2,12,13,18,25,27,7
2018017,3,6,11,26,30,32,12
2018016,1,11,12,18,25,27,16
2018015,11,15,20,21,26,33,15
2018014,9,12,20,24,28,31,7
2018013,6,8,13,15,22,33,6
2018012,11,12,13,19,26,28,12
2018011,3,10,21,23,27,33,11
2018010,1,8,17,20,21,22,3
2018009,5,10,17,23,26,32,7
2018008,5,9,10,12,17,19,13
2018007,13,14,20,25,27,31,12
2018006,2,7,8,9,17,29,11
2018005,2,20,21,28,31,33,6
2018004,14,18,19,26,30,31,11
2018003,1,14,16,17,20,31,4
2018002,7,18,24,29,31,33,16
2018001,1,8,11,26,28,31,4
2017154,5,9,13,15,18,26,5
2017153,7,11,12,13,18,19,16
2017152,6,10,23,25,26,29,5
2017151,2,5,7,9,11,27,16
2017150,6,14,19,20,21,23,8
2017149,5,8,15,20,27,30,13
2017148,4,7,11,14,29,32,12
2017147,3,7,20,21,25,31,14
2017146,1,19,25,26,27,33,10
2017145,2,6,12,17,25,28,12
2017144,3,14,16,20,31,32,9
2017143,4,6,9,14,20,29,14
2017142,8,13,14,18,23,33,6
2017141,1,6,7,11,13,15,5
2017140,21,22,25,28,29,30,8
2017139,2,14,20,24,28,32,16
2017138,1,17,24,28,32,33,2
2017137,5,10,20,23,26,31,3
2017136,3,7,10,18,21,24,12
2017135,1,6,7,14,18,26,16
2017134,4,5,11,14,28,32,4
2017133,6,15,17,18,23,30,11
2017132,2,3,5,9,13,28,11
2017131,1,7,10,11,26,27,11
2017130,5,13,14,23,25,31,2
2017129,5,6,9,14,21,33,2
2017128,2,6,13,22,29,31,8
2017127,14,15,21,24,27,32,12
2017126,1,16,17,21,27,30,16
2017125,1,14,23,25,29,30,3
2017124,2,6,11,26,28,29,3
2017123,4,5,6,11,21,31,10
2017122,11,20,21,22,24,27,15
2017121,11,18,19,22,24,32,7
2017120,8,10,15,19,23,28,16
2017119,9,16,21,25,26,31,14
2017118,8,9,15,22,30,33,16
2017117,1,2,8,11,14,21,9
2017116,2,14,20,22,30,32,2
2017115,4,10,11,25,30,31,1
2017114,6,12,13,15,18,26,13
2017113,4,6,16,27,29,33,5
2017112,3,10,14,16,22,23,11
2017111,5,10,17,19,29,32,12
2017110,1,3,12,15,19,23,14
2017109,8,14,16,18,21,23,16
2017108,7,12,14,15,17,20,1
2017107,8,9,15,17,30,32,6
2017106,12,15,20,25,27,31,2
2017105,3,6,7,12,25,26,7
2017104,1,14,15,20,23,30,14
2017103,1,21,23,25,31,33,1
2017102,4,8,10,14,18,20,11
2017101,1,4,11,28,31,32,16
2017100,4,7,8,18,23,24,2
2017099,2,5,6,16,28,29,4
2017098,4,19,22,27,30,33,1
2017097,5,10,18,19,30,31,3
2017096,2,6,11,12,19,29,6
2017095,9,10,12,19,22,29,16
2017094,8,11,13,19,28,31,6
2017093,7,8,9,15,22,27,12
2017092,10,18,19,29,32,33,9
2017091,5,7,10,23,28,29,3
2017090,1,7,10,16,22,33,9
2017089,11,12,13,16,23,25,12
2017088,7,9,18,22,23,29,6
2017087,3,6,13,14,19,28,6
2017086,3,5,6,13,20,22,7
2017085,1,5,6,16,25,30,9
2017084,1,5,11,20,22,24,2
2017083,3,8,14,20,24,26,12
2017082,14,18,21,25,28,29,10
2017081,3,5,14,25,26,30,5
2017080,1,12,16,20,22,24,8
2017079,3,7,14,23,25,27,8
2017078,5,7,18,19,22,24,16
2017077,1,2,4,15,17,22,14
2017076,1,4,8,9,14,15,13
2017075,1,3,6,19,21,29,7
2017074,2,6,16,23,30,31,2
2017073,3,6,16,23,26,30,14
2017072,6,11,14,23,26,30,2
2017071,2,3,6,14,31,32,3
2017070,1,6,14,22,25,26,12
2017069,2,11,12,23,29,31,5
2017068,2,6,10,22,30,31,15
2017067,1,3,4,10,18,29,4
2017066,1,4,6,17,19,26,3
2017065,2,5,8,10,12,21,7
2017064,2,10,16,22,24,28,15
2017063,12,16,20,22,25,31,4
2017062,1,7,22,24,26,31,10
2017061,6,7,12,20,26,27,11
2017060,5,10,13,24,26,31,4
2017059,4,8,9,15,19,25,9
2017058,1,9,13,22,28,32,11
2017057,18,20,22,23,30,31,16
2017056,13,14,18,19,21,28,6
2017055,7,12,13,20,24,31,5
2017054,2,3,9,23,28,33,8
2017053,4,9,11,15,29,31,6
2017052,7,8,18,24,29,31,7
2017051,2,5,9,15,24,25,11
2017050,10,12,20,24,27,29,7
2017049,1,8,14,15,20,29,10
2017048,5,8,9,14,15,19,7
2017047,2,5,8,10,32,33,2
2017046,4,13,14,23,26,32,10
2017045,5,7,16,20,21,25,5
2017044,8,16,19,21,31,32,6
2017043,8,13,16,23,27,31,8
2017042,1,2,4,7,10,23,4
2017041,4,10,13,15,22,27,4
2017040,15,19,23,28,29,33,4
2017039,2,4,12,14,17,24,15
2017038,1,4,8,13,24,27,5
2017037,11,15,20,22,25,30,5
2017036,1,2,5,10,24,27,15
2017035,1,6,14,24,28,32,12
2017034,4,7,8,19,32,33,13
2017033,5,7,15,20,23,30,15
2017032,5,8,15,24,27,31,11
2017031,6,10,16,26,27,29,3
2017030,1,7,9,20,23,30,2
2017029,2,15,21,23,25,30,10
2017028,7,8,12,13,22,30,9
2017027,2,4,11,14,27,30,5
2017026,3,10,12,19,27,30,8
2017025,2,15,16,17,22,32,7
2017024,9,21,25,26,29,31,13
2017023,1,3,4,11,18,22,14
2017022,2,6,15,16,18,32,15
2017021,2,5,10,22,32,33,9
2017020,4,8,10,12,31,33,10
2017019,4,6,8,12,23,25,8
2017018,1,2,3,17,25,31,9
2017017,3,7,8,10,22,23,12
2017016,5,8,16,22,27,29,2
2017015,1,8,9,14,17,32,1
2017014,6,8,18,20,23,31,13
2017013,8,11,28,29,31,33,6
2017012,10,11,14,15,16,24,7
2017011,10,11,12,23,26,29,16
2017010,5,8,19,25,28,30,7
2017009,2,6,8,9,15,29,14
2017008,7,13,15,27,28,29,13
2017007,2,4,5,24,26,33,15
2017006,2,4,8,26,29,33,8
2017005,6,11,12,22,23,30,5
2017004,5,13,17,26,27,30,7
2017003,1,4,8,15,27,32,16
2017002,15,19,23,24,25,32,3
2017001,9,11,14,20,25,26,15
2016153,7,9,16,24,25,29,6
2016152,2,8,9,16,20,22,7
2016151,6,11,16,20,22,33,7
2016150,2,4,5,9,13,21,5
2016149,3,20,23,26,32,33,7
2016148,1,2,11,20,26,30,14
2016147,4,14,18,28,31,32,12
2016146,3,7,15,16,17,23,10
2016145,1,3,7,12,19,20,6
2016144,4,10,12,27,32,33,5
2016143,6,9,23,24,25,33,13
2016142,1,10,17,21,23,30,12
2016141,4,13,15,17,21,24,15
2016140,1,2,5,17,26,32,10
2016139,1,6,19,26,28,30,3
2016138,7,16,20,24,25,30,7
2016137,1,6,9,10,15,32,14
2016136,2,7,10,20,27,29,3
2016135,2,8,10,18,20,33,12
2016134,11,12,13,14,18,33,13
2016133,15,16,21,22,27,33,15
2016132,5,8,13,19,27,28,7
2016131,4,10,18,19,25,27,2
2016130,3,17,21,23,27,28,1
2016129,5,6,8,21,31,33,14
2016128,4,9,11,17,26,27,13
2016127,7,12,17,26,29,31,16
2016126,2,6,12,17,18,19,10
2016125,1,6,8,20,27,30,3
2016124,9,15,21,24,27,32,10
2016123,7,9,12,14,20,27,16
2016122,15,22,23,24,28,29,8
2016121,2,3,10,23,25,28,9
2016120,2,5,6,21,25,28,9
2016119,9,19,21,30,31,32,4
2016118,9,14,22,23,31,33,14
2016117,3,10,14,17,28,33,2
2016116,7,18,20,23,27,31,13
2016115,6,8,20,22,26,27,9
2016114,5,16,20,22,27,29,9
2016113,1,11,16,17,20,26,14
2016112,6,12,14,15,18,25,12
2016111,2,4,7,14,15,32,4
2016110,5,7,28,31,32,33,8
2016109,9,11,15,16,27,33,5
2016108,2,3,7,8,19,26,16
2016107,6,11,18,26,27,32,1
2016106,4,5,13,22,25,30,4
2016105,8,10,19,27,28,31,16
2016104,5,9,11,18,30,31,4
2016103,1,5,13,19,24,27,11
2016102,5,8,10,14,17,30,13
2016101,1,3,19,24,32,33,1
2016100,3,10,22,23,27,29,4
2016099,1,11,21,23,27,33,6
2016098,2,8,25,29,31,32,6
2016097,6,13,25,26,28,31,1
2016096,6,13,14,21,22,24,16
2016095,1,5,9,12,18,32,12
2016094,6,7,10,12,18,31,10
2016093,6,9,15,17,25,27,9
2016092,2,13,15,23,24,29,6
2016091,4,8,14,22,23,28,7
2016090,2,13,17,20,21,26,7
2016089,1,3,14,30,31,32,8
2016088,3,14,16,18,25,33,15
2016087,2,3,10,11,14,21,12
2016086,9,10,11,12,15,32,5
2016085,1,12,19,20,21,25,16
2016084,2,4,12,18,24,26,5
2016083,9,16,17,24,30,31,4
2016082,6,12,14,15,17,20,9
2016081,2,6,15,25,30,32,7
2016080,1,16,17,24,25,32,14
2016079,1,3,10,12,24,28,2
2016078,2,4,8,23,26,29,2
2016077,1,9,17,19,20,29,10
2016076,7,8,13,22,30,32,1
2016075,1,3,6,16,29,32,7
2016074,6,10,11,12,20,25,12
2016073,9,11,12,15,16,20,13
2016072,5,16,19,22,24,25,2
2016071,19,21,26,28,29,32,1
2016070,3,6,11,18,23,29,1
2016069,8,10,11,20,21,27,11
2016068,8,19,23,28,31,32,1
2016067,9,13,18,20,27,31,4
2016066,3,7,13,18,19,20,5
2016065,13,16,22,25,26,27,14
2016064,3,12,14,17,19,26,3
2016063,16,17,18,23,28,32,7
2016062,12,13,15,18,19,21,9
2016061,5,6,8,18,20,32,8
2016060,4,5,22,26,29,32,8
2016059,4,11,12,20,25,28,15
2016058,3,5,18,20,24,32,11
2016057,7,12,19,22,23,26,11
2016056,3,4,8,11,16,18,14
2016055,5,6,10,16,22,26,11
2016054,6,11,16,19,28,32,4
2016053,2,8,10,12,29,31,1
2016052,1,6,13,19,24,28,16
2016051,1,2,4,9,15,33,12
2016050,9,12,24,28,29,30,2
2016049,6,8,13,14,22,27,10
2016048,3,8,13,14,15,30,4
2016047,2,5,8,15,17,22,16
2016046,7,20,25,26,27,30,14
2016045,4,9,12,17,30,32,3
2016044,1,3,10,12,18,30,1
2016043,5,14,20,26,30,33,12
2016042,7,14,17,23,26,31,9
2016041,12,17,18,21,22,24,4
2016040,3,13,19,20,23,26,3
2016039,1,3,7,18,19,27,16
2016038,3,12,13,22,28,29,3
2016037,6,15,26,31,32,33,16
2016036,3,4,7,9,20,22,3
2016035,4,13,19,20,26,29,11
2016034,3,15,21,22,23,28,15
2016033,6,17,18,20,27,29,15
2016032,8,12,14,15,21,27,15
2016031,3,8,10,19,26,33,3
2016030,10,14,19,22,25,29,12
2016029,12,15,18,20,21,27,15
2016028,6,8,12,21,25,29,1
2016027,11,13,15,17,19,31,5
2016026,4,9,12,28,30,33,1
2016025,4,11,12,17,24,30,12
2016024,2,5,7,14,18,31,13
2016023,3,6,10,19,25,29,7
2016022,4,9,19,22,23,30,7
2016021,9,11,13,22,24,26,5
2016020,1,2,10,12,22,24,10
2016019,6,13,16,17,23,30,10
2016018,12,13,14,17,21,25,4
2016017,5,6,8,20,22,30,5
2016016,1,20,22,24,25,26,16
2016015,1,2,14,22,25,26,7
2016014,2,8,10,18,20,27,7
2016013,7,12,21,22,26,31,1
2016012,7,12,14,16,27,32,15
2016011,3,8,10,15,22,29,12
2016010,2,4,12,14,19,25,6
2016009,10,14,24,25,27,32,4
2016008,2,15,24,29,32,33,2
2016007,5,12,14,20,27,29,6
2016006,13,16,18,20,28,31,12
2016005,11,14,18,20,31,33,14
2016004,8,10,17,22,25,33,12
2016003,1,10,14,23,26,28,1
2016002,9,14,17,20,24,30,16
2016001,6,13,16,18,20,22,13
2015154,7,9,11,15,18,25,7
2015153,8,11,15,22,27,29,3
2015152,11,18,19,21,29,32,12
2015151,5,6,8,23,31,32,11
2015150,1,3,8,11,29,31,13
2015149,9,10,20,21,22,33,9
2015148,9,13,14,22,26,27,7
2015147,8,9,16,23,24,30,5
2015146,16,17,21,28,30,32,15
2015145,7,8,15,19,20,24,13
2015144,1,4,7,15,28,32,16
2015143,13,15,19,20,21,32,4
2015142,13,17,19,20,22,25,11
2015141,3,8,19,25,27,28,2
2015140,6,20,28,29,30,31,12
2015139,1,10,13,18,25,27,9
2015138,1,2,8,16,19,24,11
2015137,14,22,23,27,28,31,12
2015136,2,5,12,23,28,29,1
2015135,1,12,14,18,26,32,7
2015134,2,5,14,19,27,31,4
2015133,2,3,13,20,22,24,15
2015132,3,5,11,28,30,33,1
2015131,10,12,13,19,22,26,3
2015130,6,14,15,16,17,22,10
2015129,5,8,11,16,18,27,4
2015128,1,3,8,11,22,28,6
2015127,7,10,19,22,27,33,6
2015126,10,11,15,20,23,29,12
2015125,5,13,22,27,30,33,10
2015124,2,3,5,12,18,27,1
2015123,5,8,9,12,22,28,7
2015122,5,7,11,16,22,25,7
2015121,1,3,20,21,28,29,12
2015120,16,21,24,26,27,29,16
2015119,2,8,10,18,23,31,8
2015118,1,4,11,21,23,31,12
2015117,4,11,12,18,26,32,12
2015116,4,6,15,23,26,28,11
2015115,1,7,8,14,24,32,3
2015114,4,7,9,13,21,26,1
2015113,1,5,7,8,19,27,12
2015112,1,3,10,19,20,27,11
2015111,8,14,16,18,20,30,12
2015110,5,7,16,17,22,23,4
2015109,1,8,9,16,32,33,13
2015108,2,12,19,22,24,27,15
2015107,7,14,16,18,21,25,8
2015106,1,3,4,23,31,32,13
2015105,9,10,16,19,20,26,12
2015104,9,18,21,23,25,26,1
2015103,6,8,13,26,30,32,14
2015102,7,9,12,14,21,23,6
2015101,8,16,22,24,28,29,5
2015100,2,3,11,17,19,21,8
2015099,6,7,10,11,14,22,9
2015098,6,9,13,26,27,33,1
2015097,9,12,14,20,26,27,4
2015096,6,16,17,23,24,31,7
2015095,4,15,21,28,30,31,4
2015094,1,4,6,13,16,17,10
2015093,1,3,13,21,25,31,8
2015092,9,15,19,21,26,27,1
2015091,5,7,17,19,22,31,11
2015090,10,12,14,22,25,33,15
2015089,12,14,19,27,28,29,1
2015088,2,12,20,24,29,31,9
2015087,9,15,16,19,20,28,11
2015086,5,6,8,16,18,22,12
2015085,2,8,25,27,28,29,5
2015084,15,18,20,22,28,29,15
2015083,6,7,16,18,29,32,5
2015082,2,8,9,14,28,30,7
2015081,13,20,22,26,28,31,13
2015080,14,17,25,27,28,30,2
2015079,9,14,15,20,26,32,11
2015078,3,7,20,22,26,29,2
2015077,1,6,8,10,13,27,16
2015076,1,9,10,19,23,27,9
2015075,6,11,13,19,21,32,4
2015074,4,7,21,25,26,29,8
2015073,1,2,17,22,26,27,4
2015072,1,3,5,20,21,31,5
2015071,8,18,20,28,29,31,8
2015070,1,7,13,19,21,29,15
2015069,1,13,17,18,23,30,15
2015068,6,15,18,21,26,27,10
2015067,2,5,8,24,25,31,14
2015066,5,8,11,17,24,28,16
2015065,8,10,14,19,26,29,12
2015064,11,12,14,17,23,27,1
2015063,1,7,9,16,22,32,12
2015062,9,14,15,18,21,26,16
2015061,6,18,22,26,32,33,4
2015060,1,3,18,27,31,32,13
2015059,2,6,9,16,25,32,14
2015058,2,9,10,18,19,20,15
2015057,9,20,24,25,26,32,4
2015056,1,7,8,16,18,20,14
2015055,1,10,15,18,19,28,2
2015054,1,2,7,10,22,26,7
2015053,3,7,17,22,32,33,10
2015052,2,4,11,16,25,26,12
2015051,4,10,24,26,28,32,9
2015050,3,9,12,16,17,31,4
2015049,7,12,14,17,20,23,5
2015048,13,16,17,22,25,27,10
2015047,2,3,20,24,26,27,9
2015046,5,7,10,14,23,31,1
2015045,1,5,13,22,30,31,7
2015044,2,3,4,13,14,16,2
2015043,11,12,15,24,26,27,15
2015042,9,10,19,21,23,32,8
2015041,4,9,11,17,21,25,6
2015040,13,16,18,27,30,32,16
2015039,1,13,15,26,29,30,12
2015038,5,6,11,12,14,33,14
2015037,5,7,12,18,28,31,3
2015036,4,6,16,17,26,33,3
2015035,1,8,9,22,24,33,3
2015034,12,13,17,18,20,27,13
2015033,3,6,21,29,31,32,5
2015032,11,14,16,18,29,32,16
2015031,1,5,7,22,26,32,11
2015030,8,11,14,15,16,26,7
2015029,7,14,15,19,21,28,7
2015028,4,7,10,26,27,28,14
2015027,5,7,9,16,26,29,7
2015026,2,13,17,21,22,33,13
2015025,10,11,12,15,27,32,14
2015024,9,11,16,18,23,24,10
2015023,8,9,10,13,29,30,1
2015022,4,7,10,16,23,25,10
2015021,14,15,16,17,27,28,8
2015020,1,4,7,19,22,23,4
2015019,2,6,11,19,25,26,4
2015018,6,9,12,14,28,29,9
2015017,13,18,20,25,27,33,12
2015016,2,6,10,15,17,31,13
2015015,1,7,20,24,25,33,4
2015014,2,12,16,19,27,30,11
2015013,8,9,24,25,26,29,1
2015012,3,5,22,23,29,31,6
2015011,4,14,15,17,18,20,15
2015010,1,2,3,8,21,31,9
2015009,4,7,14,17,21,25,14
2015008,4,7,10,16,20,22,3
2015007,1,7,9,17,20,33,8
2015006,1,10,11,29,31,33,13
2015005,7,10,16,17,18,32,15
2015004,2,14,15,16,23,24,10
2015003,10,15,20,23,24,31,15
2015002,7,15,16,25,28,32,5
2015001,1,7,9,16,20,23,6
2014152,8,13,15,20,21,25,12
2014151,4,5,8,11,21,27,8
2014150,3,8,14,22,24,32,9
2014149,7,9,10,15,19,33,1
2014148,1,2,5,12,15,16,13
2014147,6,7,22,26,31,32,10
2014146,1,6,13,20,29,32,1
2014145,10,12,13,23,26,29,11
2014144,3,5,6,9,10,27,14
2014143,3,12,18,20,25,26,16
2014142,6,21,22,23,25,28,13
2014141,8,9,11,16,21,24,10
2014140,6,10,11,14,17,33,6
2014139,1,14,15,20,25,29,11
2014138,4,6,13,29,31,33,13
2014137,3,6,9,11,25,29,9
2014136,3,16,19,27,31,32,10
2014135,2,4,11,13,25,33,1
2014134,5,16,22,23,26,28,2
2014133,13,14,16,23,30,31,13
2014132,5,6,14,15,18,33,8
2014131,5,17,21,22,28,32,14
2014130,1,2,10,24,30,33,10
2014129,5,8,9,20,28,32,2
2014128,5,7,8,17,18,24,14
2014127,2,10,12,21,23,27,12
2014126,6,11,16,17,22,27,1
2014125,10,11,15,26,31,32,6
2014124,2,17,20,24,31,33,4
2014123,1,6,11,17,28,33,5
2014122,6,9,11,16,20,29,11
2014121,1,2,13,22,28,30,9
2014120,1,7,12,16,23,28,4
2014119,6,13,17,20,26,29,9
2014118,5,7,15,18,26,30,3
2014117,5,10,17,25,28,29,4
2014116,9,10,14,15,19,29,16
2014115,1,9,10,11,13,32,3
2014114,2,7,23,30,32,33,10
2014113,12,14,28,31,32,33,7
2014112,1,15,16,21,24,30,3
2014111,2,8,17,20,22,28,2
2014110,1,8,11,13,19,30,6
2014109,2,5,11,15,19,28,2
2014108,3,8,9,20,23,28,2
2014107,11,14,17,22,25,27,16
2014106,9,14,17,18,21,25,15
2014105,14,16,17,19,27,32,4
2014104,2,6,12,19,27,28,13
2014103,3,8,9,10,18,33,4
2014102,14,16,21,24,28,31,13
2014101,16,18,20,23,24,32,7
2014100,1,6,9,10,14,16,11
2014099,1,5,10,11,13,32,14
2014098,2,13,17,20,29,31,7
2014097,7,13,24,25,27,32,15
2014096,12,14,17,19,22,24,8
2014095,5,6,8,14,22,31,8
2014094,1,10,18,20,23,29,1
2014093,2,8,9,10,20,29,5
2014092,3,13,18,19,22,26,7
2014091,1,5,12,19,27,29,14
2014090,5,9,11,19,24,32,13
2014089,4,6,14,17,27,30,9
2014088,3,6,11,14,16,29,15
2014087,6,18,22,23,32,33,6
2014086,2,4,10,12,14,30,8
2014085,1,2,11,19,23,29,8
2014084,1,6,9,10,13,25,8
2014083,5,6,19,21,23,33,12
2014082,2,4,20,25,26,29,11
2014081,8,14,22,24,27,29,10
2014080,5,14,16,17,25,30,7
2014079,2,7,16,22,27,28,2
2014078,2,3,5,6,9,17,7
2014077,8,9,12,15,19,22,10
2014076,6,10,12,17,18,33,11
2014075,3,9,11,22,27,29,6
2014074,1,3,6,13,30,31,12
2014073,1,12,16,20,30,33,2
2014072,1,3,7,13,19,32,16
2014071,2,4,12,17,22,25,14
2014070,1,7,9,19,28,29,7
2014069,5,12,17,19,25,30,11
2014068,4,12,13,22,27,29,16
2014067,1,6,7,17,18,23,6
2014066,2,5,15,17,18,21,16
2014065,3,4,5,8,10,22,6
2014064,2,9,15,16,29,32,14
2014063,3,8,17,21,22,31,16
2014062,6,9,15,24,25,26,9
2014061,2,14,17,27,28,31,8
2014060,3,5,14,18,25,33,6
2014059,5,8,12,13,23,25,13
2014058,2,3,12,13,14,25,11
2014057,2,4,12,18,23,31,8
2014056,1,11,18,20,28,29,1
2014055,2,9,14,19,21,30,4
2014054,1,4,5,11,29,30,14
2014053,14,17,19,22,26,31,2
2014052,9,13,15,28,30,33,8
2014051,10,16,19,21,23,24,13
2014050,3,17,23,25,26,32,13
2014049,6,7,16,17,23,32,6
2014048,6,9,16,17,24,25,16
2014047,8,10,11,12,19,29,15
2014046,2,10,11,17,18,22,10
2014045,2,4,9,11,19,22,15
2014044,4,9,21,27,28,33,12
2014043,2,5,9,14,24,33,9
2014042,12,15,20,25,28,33,14
2014041,7,11,16,18,21,22,2
2014040,3,4,6,11,12,15,8
2014039,3,11,15,19,20,31,7
2014038,4,7,22,23,24,33,16
2014037,6,13,14,24,25,30,7
2014036,1,7,8,9,11,22,3
2014035,7,8,9,17,32,33,6
2014034,1,3,4,8,25,31,6
2014033,5,13,23,28,32,33,12
2014032,1,2,14,22,29,33,7
2014031,4,10,16,17,21,27,14
2014030,12,18,19,23,24,30,10
2014029,2,7,14,16,21,29,14
2014028,6,16,21,27,30,32,5
2014027,8,10,14,16,30,31,1
2014026,1,2,5,6,11,23,14
2014025,1,5,10,14,16,30,16
2014024,8,10,16,20,23,30,9
2014023,7,9,13,17,21,22,10
2014022,4,6,7,10,21,26,16
2014021,8,10,15,17,22,29,12
2014020,9,14,17,23,24,25,15
2014019,2,10,15,19,20,21,7
2014018,13,17,18,21,30,33,15
2014017,4,6,7,14,25,26,10
2014016,2,3,7,13,21,24,8
2014015,2,11,19,30,32,33,9
2014014,4,9,19,22,25,29,15
2014013,5,9,13,15,17,21,13
2014012,1,8,11,19,21,24,8
2014011,9,10,13,14,21,32,2
2014010,5,7,8,20,31,33,11
2014009,8,9,19,20,25,32,16
2014008,5,14,16,21,29,30,12
2014007,8,10,12,14,18,28,14
2014006,3,4,7,17,21,27,14
2014005,15,18,23,27,32,33,4
2014004,1,4,19,22,24,25,15
2014003,6,10,11,28,30,33,12
2014002,4,21,23,31,32,33,4
2014001,3,9,15,20,27,29,1
2013154,7,11,14,19,24,29,5
2013153,8,11,13,18,28,33,10
2013152,4,6,14,16,18,29,5
2013151,3,9,10,19,28,33,9
2013150,1,15,16,25,26,29,10
2013149,9,18,25,26,30,32,11
2013148,6,11,12,14,17,22,1
2013147,2,15,16,17,19,30,8
2013146,8,20,25,30,32,33,1
2013145,6,10,13,16,23,24,15
2013144,5,7,12,19,27,31,2
2013143,12,18,21,22,27,32,11
2013142,11,12,14,20,22,29,14
2013141,3,4,5,25,30,31,4
2013140,1,5,12,13,21,22,10
2013139,7,8,11,13,21,27,8
2013138,4,15,16,24,27,28,3
2013137,4,17,19,23,24,27,10
2013136,4,6,14,16,18,26,6
2013135,9,23,24,25,29,31,12
2013134,1,17,18,19,25,29,10
2013133,4,7,12,19,22,25,1
2013132,20,21,22,23,25,27,12
2013131,4,6,12,17,19,26,9
2013130,1,3,15,16,31,33,8
2013129,5,6,10,14,27,31,14
2013128,7,13,17,19,25,31,8
2013127,2,3,13,20,22,33,14
2013126,4,10,19,27,31,33,16
2013125,4,6,8,18,25,28,16
2013124,3,9,15,23,25,30,7
2013123,1,2,6,11,17,25,2
2013122,7,10,13,15,26,27,11
2013121,4,5,6,7,25,27,7
2013120,5,6,13,18,23,31,11
2013119,5,15,20,22,26,32,9
2013118,2,3,17,22,32,33,16
2013117,9,12,13,24,27,33,16
2013116,12,15,21,26,32,33,7
2013115,3,12,16,17,18,27,8
2013114,4,6,17,21,23,33,7
2013113,4,7,11,17,24,33,9
2013112,1,6,12,13,22,31,7
2013111,1,2,3,6,8,33,13
2013110,15,17,18,21,29,32,13
2013109,9,23,24,27,29,32,8
2013108,16,21,22,28,31,32,5
2013107,7,9,11,17,28,31,11
2013106,9,11,23,30,31,32,6
2013105,1,11,23,27,31,32,9
2013104,1,2,4,15,17,28,11
2013103,2,4,9,13,18,20,7
2013102,2,4,5,6,8,16,3
2013101,5,7,9,23,27,32,1
2013100,4,8,11,14,16,20,11
2013099,5,11,20,21,26,31,3
2013098,7,15,18,19,20,26,14
2013097,5,14,17,22,23,25,7
2013096,1,2,22,28,29,30,15
2013095,1,6,15,19,28,29,10
2013094,2,4,14,18,20,22,7
2013093,1,2,8,26,29,31,14
2013092,7,11,15,21,26,31,6
2013091,4,14,24,25,28,31,10
2013090,2,5,11,23,24,29,8
2013089,4,8,12,19,21,25,13
2013088,9,15,20,21,22,24,14
2013087,2,13,19,23,24,28,5
2013086,2,4,11,13,16,26,11
2013085,2,8,12,14,16,32,16
2013084,5,7,9,11,20,21,3
2013083,5,6,12,14,19,23,9
2013082,4,13,14,20,22,30,6
2013081,1,4,10,13,21,31,13
2013080,10,11,12,23,28,32,16
2013079,7,13,17,19,22,26,13
2013078,3,5,17,18,26,27,15
2013077,9,14,23,24,26,29,3
2013076,14,23,24,26,29,30,3
2013075,4,6,9,25,30,33,14
2013074,3,6,8,14,19,32,3
2013073,2,9,13,17,20,28,11
2013072,2,8,11,14,19,33,9
2013071,5,12,21,23,26,28,9
2013070,2,3,9,10,28,30,6
2013069,7,16,17,18,30,33,6
2013068,2,7,13,20,25,27,6
2013067,1,4,9,15,22,30,6
2013066,1,3,16,17,20,32,7
2013065,7,18,19,23,29,30,2
2013064,1,9,13,22,25,32,12
2013063,10,15,18,20,23,31,12
2013062,1,6,7,19,22,27,2
2013061,5,6,7,12,13,18,12
2013060,5,7,10,13,19,20,15
2013059,3,10,18,24,27,29,9
2013058,8,11,17,21,23,24,5
2013057,13,16,19,23,26,28,5
2013056,3,12,25,26,28,29,16
2013055,8,18,19,22,27,32,6
2013054,3,4,8,14,21,28,14
2013053,3,12,13,22,30,33,14
2013052,6,7,14,21,22,24,13
2013051,8,12,15,19,28,29,2
2013050,3,7,13,18,22,25,3
2013049,10,13,14,16,21,32,14
2013048,10,13,17,28,30,32,4
2013047,1,8,11,17,27,30,12
2013046,3,16,19,20,24,26,6
2013045,6,7,8,14,23,31,12
2013044,3,5,11,18,26,28,6
2013043,3,6,14,15,17,25,16
2013042,1,8,12,13,15,33,3
2013041,2,10,12,17,23,24,5
2013040,2,4,10,12,17,30,10
2013039,1,2,14,15,24,29,6
2013038,9,10,12,14,15,19,11
2013037,2,15,18,27,28,32,14
2013036,4,5,9,27,29,31,13
2013035,1,14,15,17,26,30,2
2013034,6,15,20,22,26,33,9
2013033,5,6,13,17,19,28,1
2013032,4,21,25,29,30,33,3
2013031,3,13,14,15,21,33,3
2013030,7,14,18,25,26,29,6
2013029,6,7,10,19,23,29,12
2013028,7,8,14,25,26,28,13
2013027,1,2,4,12,21,24,12
2013026,4,11,14,15,22,31,11
2013025,16,17,18,24,25,30,8
2013024,4,5,13,23,27,30,9
2013023,3,6,15,18,30,32,5
2013022,2,4,7,9,15,20,7
2013021,1,6,17,19,26,31,11
2013020,1,7,8,12,16,21,1
2013019,1,2,5,16,20,26,6
2013018,2,8,13,28,29,30,5
2013017,4,6,12,30,31,32,9
2013016,2,5,6,12,14,28,5
2013015,5,6,7,11,13,18,15
2013014,2,4,5,17,19,20,8
2013013,5,6,13,19,22,28,9
2013012,6,14,17,22,28,29,2
2013011,3,12,17,24,27,29,9
2013010,1,9,11,17,32,33,12
2013009,1,4,9,13,16,23,2
2013008,3,8,17,21,25,32,15
2013007,2,9,15,22,26,32,1
2013006,9,10,13,17,22,30,13
2013005,1,13,14,25,31,32,12
2013004,6,10,16,20,27,32,8
2013003,22,23,26,27,28,33,9
2013002,1,16,18,22,28,30,12
2013001,6,8,14,15,24,25,6
